timestamp,angle,force,event,block,trial,profile,count,duration,profile_result,distractor,distractor_result
1489006037.985951,0,175,1,1,1,2,0,0,0,0,0
1489006040.020169,0.0,94,2,1,1,2,1,0,0,0,0
1489006040.290148,20.05263157894737,72,4,0,0,0,0,0,0,0,0
1489006040.823176,60.1578947368421,71,3,1,1,2,1,0,0,0,0
1489006040.892917,60.0,103,2,1,1,2,2,0,0,0,0
1489006041.019301,60.0,101,3,1,1,2,2,0,0,0,0
1489006041.265833,60.0,90,2,1,1,2,3,0,0,0,0
1489006042.047921,99.52631578947368,101,3,1,1,2,3,0,0,0,0
1489006042.498336,100.0,62,2,1,1,2,4,0,0,0,0
1489006043.284267,136.78947368421052,65,3,1,1,2,4,0,0,0,0
1489006043.329211,140.0,74,2,1,1,2,5,0,0,0,0
1489006044.062513,169.26315789473682,74,3,1,1,2,5,0,0,0,0
1489006044.119764,160.0,74,2,1,1,2,6,0,0,0,0
1489006044.144576,160.0526315789474,74,3,1,1,2,6,0,0,0,0
1489006044.448068,160.0,65,2,1,1,2,7,0,0,0,0
1489006045.674817,179.57894736842104,77,5,1,1,2,7,0,0,0,0
1489006045.725587,184.6315789473684,77,3,1,1,2,7,0,0,0,0
1489006045.908641,0.0,279,2,1,1,2,8,0,0,0,0
1489006045.928691,0.0,253,3,1,1,2,8,0,0,0,0
1489006045.976822,0.0,145,2,1,1,2,9,0,0,0,0
1489006046.014941,0,68,3,1,1,2,9,0,0,0,0
1489006046.031306,0.0,105,2,1,1,2,10,0,0,0,0
1489006046.132143,0.5789473684210531,100,3,1,1,2,10,0,0,0,0
1489006048.385135,0.0,100,6,1,1,2,10,10.399183988571167,0,0,0
1489006048.385135,0.0,289,7,1,1,2,10,10.399183988571167,2,0,0
1489006054.160263,0,290,1,1,2,6,0,0,0,0,0
1489006055.05257,0.0,167,2,1,2,6,1,0,0,0,0
1489006055.928762,86.10526315789474,161,3,1,2,6,1,0,0,0,0
1489006055.928882,86.10526315789474,161,41,0,0,0,0,0,0,0,0
1489006056.009962,86.10526315789474,69,2,1,2,6,2,0,0,0,0
1489006056.150879,86.10526315789474,67,3,1,2,6,2,0,0,0,0
1489006056.229162,86.10526315789474,67,42,0,0,0,0,0,0,0,0
1489006056.325872,86.10526315789474,160,2,1,2,6,3,0,0,0,0
1489006057.009297,98.42105263157895,276,3,1,2,6,3,0,0,0,0
1489006057.235583,100.0,274,2,1,2,6,4,0,0,0,0
1489006058.983852,179.52631578947367,281,5,1,2,6,4,0,0,0,0
1489006059.057162,185.78947368421052,281,3,1,2,6,4,0,0,0,0
1489006059.921299,0,152,2,1,2,6,5,0,0,0,0
1489006060.532505,40.10526315789474,157,41,0,0,0,0,0,0,0,0
1489006060.834631,56.47368421052632,58,42,0,0,0,0,0,0,0,0
1489006061.424888,94.73684210526315,277,3,1,2,6,5,0,0,0,0
1489006061.466727,100.0,276,2,1,2,6,6,0,0,0,0
1489006061.573164,100.3157894736842,277,3,1,2,6,6,0,0,0,0
1489006063.953407,100.0,277,6,1,2,6,6,9.79314398765564,0,0,0
1489006063.953407,100.0,277,7,1,2,6,6,9.79314398765564,6,0,0
1489006067.975223,0,278,1,1,3,5,0,0,0,0,0
1489006068.105633,0.0,88,2,1,3,5,1,0,0,0,0
1489006068.236235,0.6842105263157894,75,3,1,3,5,1,0,0,0,0
1489006072.028594,0.0,65,2,1,3,5,2,0,0,0,0
1489006072.340174,20.210526315789473,63,4,0,0,0,0,0,0,0,0
1489006072.85771,40.68421052631579,61,3,1,3,5,2,0,0,0,0
1489006072.987877,40.0,60,2,1,3,5,3,0,0,0,0
1489006073.622906,82.3157894736842,99,3,1,3,5,3,0,0,0,0
1489006074.031447,82.3157894736842,57,2,1,3,5,4,0,0,0,0
1489006075.797377,179.1578947368421,279,3,1,3,5,4,0,0,0,0
1489006076.717669,180.0,280,5,1,3,5,4,0,0,0,0
1489006076.759492,180.0,280,2,1,3,5,5,0,0,0,0
1489006076.862551,190.3684210526316,279,3,1,3,5,5,0,0,0,0
1489006076.925446,0.0,239,2,1,3,5,6,0,0,0,0
1489006076.959251,0.05263157894736814,204,3,1,3,5,6,0,0,0,0
1489006077.077491,0.0,72,2,1,3,5,7,0,0,0,0
1489006077.133784,0,72,3,1,3,5,7,0,0,0,0
1489006078.592069,0.0,72,6,1,3,5,7,10.616845846176147,0,0,0
1489006078.592069,0.0,291,7,1,3,5,7,10.616845846176147,4,0,0
1489006084.407064,0,292,1,1,4,2,0,0,0,0,0
1489006084.545775,0.0,76,2,1,4,2,1,0,0,0,0
1489006084.678016,0.2631578947368425,104,3,1,4,2,1,0,0,0,0
1489006086.033478,0.0,76,2,1,4,2,2,0,0,0,0
1489006086.319266,20.157894736842106,78,4,0,0,0,0,0,0,0,0
1489006087.147753,69.36842105263158,77,3,1,4,2,2,0,0,0,0
1489006087.58729,69.36842105263158,87,2,1,4,2,3,0,0,0,0
1489006088.576937,142.94736842105263,81,3,1,4,2,3,0,0,0,0
1489006088.929367,140.0,73,2,1,4,2,4,0,0,0,0
1489006088.974637,140.21052631578948,74,3,1,4,2,4,0,0,0,0
1489006089.01112,140.0,67,2,1,4,2,5,0,0,0,0
1489006090.422966,179.68421052631578,82,5,1,4,2,5,0,0,0,0
1489006090.518647,185.78947368421052,82,3,1,4,2,5,0,0,0,0
1489006090.726969,0.0,268,6,1,4,2,5,6.319905042648315,0,0,0
1489006090.726969,0.0,218,7,1,4,2,5,6.319905042648315,2,0,0
1489006094.045199,0,219,1,1,5,1,0,0,0,0,0
1489006095.327533,0.0,214,2,1,5,1,1,0,0,0,0
1489006095.46107,0.052631578947368585,215,3,1,5,1,1,0,0,0,0
1489006095.760605,0.0,213,2,1,5,1,2,0,0,0,0
1489006096.633654,72.36842105263159,216,3,1,5,1,2,0,0,0,0
1489006096.817905,60.0,211,2,1,5,1,3,0,0,0,0
1489006097.677145,132.10526315789474,216,3,1,5,1,3,0,0,0,0
1489006097.923912,140.0,212,2,1,5,1,4,0,0,0,0
1489006099.236479,179.57894736842104,216,5,1,5,1,4,0,0,0,0
1489006099.415652,217.26315789473682,217,3,1,5,1,4,0,0,0,0
1489006099.472619,0.0,281,2,1,5,1,5,0,0,0,0
1489006099.519065,0,275,3,1,5,1,5,0,0,0,0
1489006100.18268,0.0,183,6,1,5,1,5,6.137480974197388,0,0,0
1489006100.18268,0.0,288,7,1,5,1,5,6.137480974197388,1,0,0
1489006103.566101,0,288,1,1,6,5,0,0,0,0,0
1489006103.694041,0.0,118,2,1,6,5,1,0,0,0,0
1489006103.853891,1.2105263157894743,79,3,1,6,5,1,0,0,0,0
1489006105.198541,0.0,70,2,1,6,5,2,0,0,0,0
1489006105.546335,20.157894736842103,68,4,0,0,0,0,0,0,0,0
1489006106.214104,53.94736842105263,64,3,1,6,5,2,0,0,0,0
1489006106.243328,60.0,87,2,1,6,5,3,0,0,0,0
1489006106.39468,61.526315789473685,88,3,1,6,5,3,0,0,0,0
1489006106.942842,59.99999999999999,75,2,1,6,5,4,0,0,0,0
1489006108.142468,144.8421052631579,58,3,1,6,5,4,0,0,0,0
1489006108.432999,140.0,54,2,1,6,5,5,0,0,0,0
1489006109.799414,179.57894736842107,98,5,1,6,5,5,0,0,0,0
1489006109.911209,193.47368421052633,98,3,1,6,5,5,0,0,0,0
1489006109.927065,0.0,123,2,1,6,5,6,0,0,0,0
1489006109.993454,0,276,3,1,6,5,6,0,0,0,0
1489006110.094347,0.0,117,6,1,6,5,6,6.52824592590332,0,0,0
1489006110.094347,0.0,292,7,1,6,5,6,6.52824592590332,5,0,0
1489006114.613482,0,292,1,1,7,2,0,0,0,0,0
1489006114.795126,0.0,101,2,1,7,2,1,0,0,0,0
1489006114.868691,0.0,100,3,1,7,2,1,0,0,0,0
1489006115.810528,0.0,91,2,1,7,2,2,0,0,0,0
1489006116.118862,20.157894736842106,68,4,0,0,0,0,0,0,0,0
1489006116.891243,65.94736842105263,65,3,1,7,2,2,0,0,0,0
1489006117.411407,60.0,56,2,1,7,2,3,0,0,0,0
1489006117.567194,65.42105263157895,57,3,1,7,2,3,0,0,0,0
1489006118.017704,60.05263157894737,60,2,1,7,2,4,0,0,0,0
1489006118.631768,121.84210526315789,86,3,1,7,2,4,0,0,0,0
1489006119.112192,140.0,73,2,1,7,2,5,0,0,0,0
1489006120.510044,179.5263157894737,69,5,1,7,2,5,0,0,0,0
1489006120.696113,195.73684210526315,69,3,1,7,2,5,0,0,0,0
1489006120.723414,0.0,73,2,1,7,2,6,0,0,0,0
1489006120.751101,0.21052631578947256,127,3,1,7,2,6,0,0,0,0
1489006120.849189,0.0,257,2,1,7,2,7,0,0,0,0
1489006120.908865,0,270,3,1,7,2,7,0,0,0,0
1489006121.011718,0.0,113,2,1,7,2,8,0,0,0,0
1489006121.122882,0.10526315789473628,98,3,1,7,2,8,0,0,0,0
1489006121.630324,0.0,97,6,1,7,2,8,7.016841888427734,0,0,0
1489006121.630324,0.0,290,7,1,7,2,8,7.016841888427734,2,0,0
1489006127.349269,0,291,1,1,8,6,0,0,0,0,0
1489006128.184187,0.0,150,2,1,8,6,1,0,0,0,0
1489006128.716399,40.10526315789474,149,41,0,0,0,0,0,0,0,0
1489006128.957055,47.26315789473684,62,3,1,8,6,1,0,0,0,0
1489006129.018657,40.0,61,42,0,0,0,0,0,0,0,0
1489006129.077068,40.0,68,2,1,8,6,2,0,0,0,0
1489006129.62956,96.84210526315789,270,3,1,8,6,2,0,0,0,0
1489006129.993282,100.0,263,2,1,8,6,3,0,0,0,0
1489006130.674841,156.36842105263156,269,3,1,8,6,3,0,0,0,0
1489006131.093726,160.0,269,6,1,8,6,3,3.7444570064544678,0,0,0
1489006131.093726,160.0,269,7,1,8,6,3,3.7444570064544678,6,0,0
1489006134.819363,0,270,1,1,9,4,0,0,0,0,0
1489006135.503262,0.0,169,2,1,9,4,1,0,0,0,0
1489006135.830841,20.105263157894736,146,4,0,0,0,0,0,0,0,0
1489006136.432729,69.05263157894737,158,3,1,9,4,1,0,0,0,0
1489006136.846734,60.0,133,2,1,9,4,2,0,0,0,0
1489006137.976957,124.94736842105262,67,3,1,9,4,2,0,0,0,0
1489006138.43968,140.0,63,2,1,9,4,3,0,0,0,0
1489006138.910881,158.63157894736844,60,3,1,9,4,3,0,0,0,0
1489006138.956166,160.0,60,2,1,9,4,4,0,0,0,0
1489006140.194463,179.89473684210526,62,5,1,9,4,4,0,0,0,0
1489006140.240339,181.31578947368422,62,3,1,9,4,4,0,0,0,0
1489006140.246644,0.0,64,2,1,9,4,5,0,0,0,0
1489006140.26035,0.05263157894736814,65,3,1,9,4,5,0,0,0,0
1489006140.492553,0.0,186,2,1,9,4,6,0,0,0,0
1489006140.537699,0,183,3,1,9,4,6,0,0,0,0
1489006141.773191,0.0,183,6,1,9,4,6,6.953827857971191,0,0,0
1489006141.773191,0.0,294,7,1,9,4,6,6.953827857971191,3,0,0
1489006145.098752,0,294,1,1,10,4,0,0,0,0,0
1489006145.931855,0.0,133,2,1,10,4,1,0,0,0,0
1489006146.149074,20.052631578947366,140,4,0,0,0,0,0,0,0,0
1489006146.81141,77.73684210526315,89,3,1,10,4,1,0,0,0,0
1489006147.238252,80.0,66,2,1,10,4,2,0,0,0,0
1489006148.351647,153.26315789473685,56,3,1,10,4,2,0,0,0,0
1489006148.420601,140.3684210526316,60,2,1,10,4,3,0,0,0,0
1489006148.725358,153.73684210526318,61,3,1,10,4,3,0,0,0,0
1489006148.769552,160.0,61,2,1,10,4,4,0,0,0,0
1489006148.921654,159.6315789473684,61,3,1,10,4,4,0,0,0,0
1489006149.092531,160.0,59,2,1,10,4,5,0,0,0,0
1489006150.276931,180.05263157894737,61,5,1,10,4,5,0,0,0,0
1489006150.422969,193.73684210526315,62,3,1,10,4,5,0,0,0,0
1489006151.09329,0.0,197,6,1,10,4,5,5.994538068771362,0,0,0
1489006151.09329,0.0,283,7,1,10,4,5,5.994538068771362,4,0,0
1489006155.011865,0,283,1,1,11,4,0,0,0,0,0
1489006155.843789,0.0,177,2,1,11,4,1,0,0,0,0
1489006156.166494,20.263157894736842,149,4,0,0,0,0,0,0,0,0
1489006156.806258,77.05263157894737,172,3,1,11,4,1,0,0,0,0
1489006157.145883,80.0,89,2,1,11,4,2,0,0,0,0
1489006158.329791,165.26315789473685,69,3,1,11,4,2,0,0,0,0
1489006158.542694,160.0,63,2,1,11,4,3,0,0,0,0
1489006159.60503,179.68421052631578,61,5,1,11,4,3,0,0,0,0
1489006159.729174,204.6315789473684,61,3,1,11,4,3,0,0,0,0
1489006159.790542,0.0,95,2,1,11,4,4,0,0,0,0
1489006159.82499,0.0,64,3,1,11,4,4,0,0,0,0
1489006159.924629,0.0,260,2,1,11,4,5,0,0,0,0
1489006159.96733,1.0526315789473686,197,3,1,11,4,5,0,0,0,0
1489006160.388299,0.0,197,6,1,11,4,5,5.376434087753296,0,0,0
1489006160.388299,0.0,281,7,1,11,4,5,5.376434087753296,3,0,0
1489006162.969888,0,281,1,1,12,6,0,0,0,0,0
1489006164.056084,0.0,176,2,1,12,6,1,0,0,0,0
1489006164.505963,40.15789473684211,175,41,0,0,0,0,0,0,0,0
1489006164.808402,75.21052631578948,56,42,0,0,0,0,0,0,0,0
1489006165.432056,119.05263157894737,290,3,1,12,6,1,0,0,0,0
1489006166.083993,119.05263157894737,290,6,1,12,6,1,3.114104986190796,0,0,0
1489006166.083993,119.05263157894737,290,7,1,12,6,1,3.114104986190796,3,0,0
1489006169.194607,0,290,1,1,13,6,0,0,0,0,0
1489006169.754482,0,197,2,1,13,6,1,0,0,0,0
1489006170.177659,40.15789473684211,190,41,0,0,0,0,0,0,0,0
1489006170.412128,55.10526315789474,58,3,1,13,6,1,0,0,0,0
1489006170.4155,40.0,58,2,1,13,6,2,0,0,0,0
1489006170.47811,51.736842105263165,57,42,0,0,0,0,0,0,0,0
1489006171.103897,88.26315789473684,257,3,1,13,6,2,0,0,0,0
1489006171.353965,100.0,257,2,1,13,6,3,0,0,0,0
1489006173.027463,179.57894736842104,257,5,1,13,6,3,0,0,0,0
1489006173.127494,196.3684210526316,257,3,1,13,6,3,0,0,0,0
1489006173.749342,0.0,163,2,1,13,6,4,0,0,0,0
1489006173.983836,40.21052631578948,163,41,0,0,0,0,0,0,0,0
1489006174.286141,73.26315789473685,59,42,0,0,0,0,0,0,0,0
1489006174.319862,73.57894736842105,60,3,1,13,6,4,0,0,0,0
1489006174.34068,60.89473684210526,58,2,1,13,6,5,0,0,0,0
1489006174.9871,127.84210526315789,280,3,1,13,6,5,0,0,0,0
1489006175.587449,140.0,280,6,1,13,6,5,6.392842054367065,0,0,0
1489006175.587449,140.0,280,7,1,13,6,5,6.392842054367065,3,0,0
1489006179.275236,0,280,1,1,14,1,0,0,0,0,0
1489006180.062095,0.0,171,2,1,14,1,1,0,0,0,0
1489006180.204649,0.05263157894736814,145,3,1,14,1,1,0,0,0,0
1489006180.287874,0.0,141,2,1,14,1,2,0,0,0,0
1489006181.142719,99.6842105263158,152,3,1,14,1,2,0,0,0,0
1489006181.446834,100.0,146,2,1,14,1,3,0,0,0,0
1489006182.862286,179.6315789473684,166,5,1,14,1,3,0,0,0,0
1489006183.048148,207.73684210526315,166,3,1,14,1,3,0,0,0,0
1489006183.610952,0,179,6,1,14,1,3,4.335716009140015,0,0,0
1489006183.610952,0,285,7,1,14,1,3,4.335716009140015,2,0,0
1489006191.449216,0,284,1,1,15,3,0,0,0,0,0
1489006192.205655,0.0,155,2,1,15,3,1,0,0,0,0
1489006192.844667,40.21052631578947,150,4,0,0,0,0,0,0,0,0
1489006193.255119,62.99999999999999,57,3,1,15,3,1,0,0,0,0
1489006193.828532,59.99999999999999,57,2,1,15,3,2,0,0,0,0
1489006193.983225,63.78947368421053,57,3,1,15,3,2,0,0,0,0
1489006196.023771,60.0,57,2,1,15,3,3,0,0,0,0
1489006196.182376,65.63157894736842,57,3,1,15,3,3,0,0,0,0
1489006197.811099,65.63157894736842,58,6,1,15,3,3,6.361883163452148,0,0,0
1489006197.811099,80.0,292,7,1,15,3,3,6.361883163452148,1,0,0
1489006202.169764,0,292,1,1,16,5,0,0,0,0,0
1489006202.299163,0.0,126,2,1,16,5,1,0,0,0,0
1489006202.453912,0,75,3,1,16,5,1,0,0,0,0
1489006203.244413,0.0,64,2,1,16,5,2,0,0,0,0
1489006203.457681,0.0,55,3,1,16,5,2,0,0,0,0
1489006203.497769,0.0,55,2,1,16,5,3,0,0,0,0
1489006203.65454,20.31578947368421,57,4,0,0,0,0,0,0,0,0
1489006204.341845,80.0,65,3,1,16,5,3,0,0,0,0
1489006204.732855,80.0,63,2,1,16,5,4,0,0,0,0
1489006206.210883,170.4736842105263,180,3,1,16,5,4,0,0,0,0
1489006206.676734,160.0,172,2,1,16,5,5,0,0,0,0
1489006207.910583,179.52631578947367,199,5,1,16,5,5,0,0,0,0
1489006208.035647,187.6315789473684,198,3,1,16,5,5,0,0,0,0
1489006208.496765,0,118,2,1,16,5,6,0,0,0,0
1489006208.569835,0,118,3,1,16,5,6,0,0,0,0
1489006208.890559,0,118,6,1,16,5,6,6.720794916152954,0,0,0
1489006208.890559,0,292,7,1,16,5,6,6.720794916152954,2,0,0
1489006212.311785,0,291,1,1,17,1,0,0,0,0,0
1489006212.775424,0,171,2,1,17,1,1,0,0,0,0
1489006212.917873,0,171,3,1,17,1,1,0,0,0,0
1489006212.969025,0.0,162,2,1,17,1,2,0,0,0,0
1489006213.111726,0.42105263157894735,151,3,1,17,1,2,0,0,0,0
1489006213.119994,0.0,152,2,1,17,1,3,0,0,0,0
1489006214.045175,88.05263157894737,157,3,1,17,1,3,0,0,0,0
1489006214.361304,80.0,141,2,1,17,1,4,0,0,0,0
1489006215.216557,168.42105263157896,167,3,1,17,1,4,0,0,0,0
1489006215.56813,168.42105263157896,167,2,1,17,1,5,0,0,0,0
1489006216.581383,179.5263157894737,152,5,1,17,1,5,0,0,0,0
1489006216.69551,203.94736842105266,152,3,1,17,1,5,0,0,0,0
1489006216.774439,0.0,285,2,1,17,1,6,0,0,0,0
1489006216.806718,0.0,281,3,1,17,1,6,0,0,0,0
1489006217.233837,0.0,172,6,1,17,1,6,4.922051906585693,0,0,0
1489006217.233837,0.0,291,7,1,17,1,6,4.922051906585693,1,0,0
1489006220.015814,0,291,1,1,18,5,0,0,0,0,0
1489006220.143323,0.0,97,2,1,18,5,1,0,0,0,0
1489006220.270488,0.36842105263157876,73,3,1,18,5,1,0,0,0,0
1489006221.065054,0.0,62,2,1,18,5,2,0,0,0,0
1489006221.286165,1.4210526315789451,57,3,1,18,5,2,0,0,0,0
1489006221.335305,0.05263157894736992,64,2,1,18,5,3,0,0,0,0
1489006221.373182,20.05263157894737,60,4,0,0,0,0,0,0,0,0
1489006221.532168,20.05263157894737,59,3,1,18,5,3,0,0,0,0
1489006221.561836,20.05263157894737,62,2,1,18,5,4,0,0,0,0
1489006222.203914,60.05263157894737,51,3,1,18,5,4,0,0,0,0
1489006222.507204,80.0,54,2,1,18,5,5,0,0,0,0
1489006223.512337,158.26315789473685,291,3,1,18,5,5,0,0,0,0
1489006223.79883,158.26315789473685,288,2,1,18,5,6,0,0,0,0
1489006224.97977,179.5263157894737,329,5,1,18,5,6,0,0,0,0
1489006225.135755,198.26315789473685,329,3,1,18,5,6,0,0,0,0
1489006225.155644,0,333,2,1,18,5,7,0,0,0,0
1489006225.27031,0,169,3,1,18,5,7,0,0,0,0
1489006225.57372,0,79,2,1,18,5,8,0,0,0,0
1489006225.644166,0,79,3,1,18,5,8,0,0,0,0
1489006225.761415,0,79,6,1,18,5,8,5.745600938796997,0,0,0
1489006225.761415,0,281,7,1,18,5,8,5.745600938796997,2,0,0
1489006227.904441,0,281,1,1,19,6,0,0,0,0,0
1489006228.665494,0,136,2,1,19,6,1,0,0,0,0
1489006229.097092,40.1578947368421,148,41,0,0,0,0,0,0,0,0
1489006229.399779,58.26315789473684,57,42,0,0,0,0,0,0,0,0
1489006229.919934,98.26315789473684,278,3,1,19,6,1,0,0,0,0
1489006230.298056,98.26315789473684,278,6,1,19,6,1,2.3936147689819336,0,0,0
1489006230.298056,98.26315789473684,278,7,1,19,6,1,2.3936147689819336,2,0,0
1489006233.800264,0,278,1,1,20,3,0,0,0,0,0
1489006234.605563,0,167,2,1,20,3,1,0,0,0,0
1489006234.96678,40.05263157894737,160,4,0,0,0,0,0,0,0,0
1489006235.244504,53.421052631578945,55,3,1,20,3,1,0,0,0,0
1489006235.466093,40.0,55,2,1,20,3,2,0,0,0,0
1489006235.621217,41.84210526315789,55,3,1,20,3,2,0,0,0,0
1489006237.204685,41.84210526315789,57,2,1,20,3,3,0,0,0,0
1489006237.333751,41.84210526315789,57,3,1,20,3,3,0,0,0,0
1489006237.768929,41.84210526315789,57,6,1,20,3,3,3.96866512298584,0,0,0
1489006237.768929,60.0,284,7,1,20,3,3,3.96866512298584,1,0,0
1489006241.144158,0,284,1,1,21,6,0,0,0,0,0
1489006241.708998,0.0,186,2,1,21,6,1,0,0,0,0
1489006242.17517,40.21052631578947,162,41,0,0,0,0,0,0,0,0
1489006242.478062,66.26315789473685,59,42,0,0,0,0,0,0,0,0
1489006242.826195,80.0,280,3,1,21,6,1,0,0,0,0
1489006242.860856,80.0,280,2,1,21,6,2,0,0,0,0
1489006242.965129,80.0,280,3,1,21,6,2,0,0,0,0
1489006243.040896,80.0,281,2,1,21,6,3,0,0,0,0
1489006243.175356,80.0,281,3,1,21,6,3,0,0,0,0
1489006243.368076,80.0,282,2,1,21,6,4,0,0,0,0
1489006243.518139,81.05263157894737,282,3,1,21,6,4,0,0,0,0
1489006243.98439,80.0,283,6,1,21,6,4,2.8402321338653564,0,0,0
1489006243.98439,80.0,283,7,1,21,6,4,2.8402321338653564,3,0,0
1489006247.862643,0,283,1,1,22,2,0,0,0,0,0
1489006248.029319,0.0,89,2,1,22,2,1,0,0,0,0
1489006248.130044,0.0,87,3,1,22,2,1,0,0,0,0
1489006248.745887,0.0,53,2,1,22,2,2,0,0,0,0
1489006248.905187,20.31578947368421,60,4,0,0,0,0,0,0,0,0
1489006250.085218,95.47368421052632,78,3,1,22,2,2,0,0,0,0
1489006251.14414,95.47368421052632,92,6,1,22,2,2,3.281497001647949,0,0,0
1489006251.14414,95.47368421052632,291,7,1,22,2,2,3.281497001647949,2,0,0
1489006254.310447,0,291,1,1,23,3,0,0,0,0,0
1489006254.953682,0,126,2,1,23,3,1,0,0,0,0
1489006255.217325,40.26315789473684,134,4,0,0,0,0,0,0,0,0
1489006255.688569,75.47368421052632,57,3,1,23,3,1,0,0,0,0
1489006255.892534,75.47368421052632,58,2,1,23,3,2,0,0,0,0
1489006256.047696,75.47368421052632,58,3,1,23,3,2,0,0,0,0
1489006256.279565,75.47368421052632,58,2,1,23,3,3,0,0,0,0
1489006256.432821,76.89473684210526,58,3,1,23,3,3,0,0,0,0
1489006256.650776,80.0,59,2,1,23,3,4,0,0,0,0
1489006256.805756,84.0,59,3,1,23,3,4,0,0,0,0
1489006257.783958,80.0,59,6,1,23,3,4,3.473510980606079,0,0,0
1489006257.783958,80.0,285,7,1,23,3,4,3.473510980606079,3,0,0
1489006260.302223,0,286,1,1,24,5,0,0,0,0,0
1489006260.426489,0.0,128,2,1,24,5,1,0,0,0,0
1489006260.561771,0.9473684210526319,74,3,1,24,5,1,0,0,0,0
1489006261.372346,0.0,59,2,1,24,5,2,0,0,0,0
1489006261.733702,20.210526315789476,60,4,0,0,0,0,0,0,0,0
1489006261.884105,21.105263157894736,60,3,1,24,5,2,0,0,0,0
1489006261.941205,20.0,59,2,1,24,5,3,0,0,0,0
1489006262.150304,33.526315789473685,57,3,1,24,5,3,0,0,0,0
1489006262.187218,40.0,57,2,1,24,5,4,0,0,0,0
1489006262.924807,98.84210526315789,146,3,1,24,5,4,0,0,0,0
1489006263.100737,100.0,101,2,1,24,5,5,0,0,0,0
1489006264.646787,179.6315789473684,338,5,1,24,5,5,0,0,0,0
1489006264.663558,186.0,338,6,1,24,5,5,4.361335039138794,0,0,0
1489006264.663558,0.0,260,7,1,24,5,5,4.361335039138794,2,0,0
1489006267.742376,0,259,1,1,25,2,0,0,0,0,0
1489006267.836143,0.05263157894736992,116,2,1,25,2,1,0,0,0,0
1489006267.96933,0.05263157894736992,112,3,1,25,2,1,0,0,0,0
1489006268.855273,20.0,61,2,1,25,2,2,0,0,0,0
1489006268.859507,20.05263157894737,61,4,0,0,0,0,0,0,0,0
1489006269.516364,88.36842105263158,66,3,1,25,2,2,0,0,0,0
1489006269.769192,80.0,57,2,1,25,2,3,0,0,0,0
1489006270.463076,151.42105263157896,98,3,1,25,2,3,0,0,0,0
1489006270.773977,151.42105263157896,86,2,1,25,2,4,0,0,0,0
1489006271.856481,179.5263157894737,91,5,1,25,2,4,0,0,0,0
1489006271.961353,204.31578947368422,92,3,1,25,2,4,0,0,0,0
1489006271.967225,0.0,100,6,1,25,2,4,4.224848985671997,0,0,0
1489006271.967225,0.0,286,7,1,25,2,4,4.224848985671997,2,0,0
1489006274.782235,0,286,1,1,26,1,0,0,0,0,0
1489006275.597907,0.0,148,2,1,26,1,1,0,0,0,0
1489006276.174847,88.26315789473685,147,3,1,26,1,1,0,0,0,0
1489006276.461211,88.26315789473685,141,2,1,26,1,2,0,0,0,0
1489006277.915009,179.5263157894737,144,5,1,26,1,2,0,0,0,0
1489006278.031489,188.26315789473685,143,3,1,26,1,2,0,0,0,0
1489006278.286737,0,178,6,1,26,1,2,3.504502058029175,0,0,0
1489006278.286737,0,285,7,1,26,1,2,3.504502058029175,3,0,0
1489006280.813263,0,284,1,1,27,3,0,0,0,0,0
1489006281.397773,0.0,174,2,1,27,3,1,0,0,0,0
1489006281.840055,40.10526315789473,161,4,0,0,0,0,0,0,0,0
1489006282.121851,56.73684210526316,59,3,1,27,3,1,0,0,0,0
1489006283.735557,40.0,65,2,1,27,3,2,0,0,0,0
1489006283.863312,40.0,67,3,1,27,3,2,0,0,0,0
1489006283.941004,40.0,142,2,1,27,3,3,0,0,0,0
1489006284.087447,39.10526315789474,278,3,1,27,3,3,0,0,0,0
1489006284.343545,40.0,177,6,1,27,3,3,3.5302820205688477,0,0,0
1489006284.343545,40.0,288,7,1,27,3,3,3.5302820205688477,3,0,0
1489006286.942011,0,288,1,1,28,3,0,0,0,0,0
1489006287.520492,0.0,143,2,1,28,3,1,0,0,0,0
1489006287.82752,40.05263157894737,153,4,0,0,0,0,0,0,0,0
1489006288.114049,50.0,62,3,1,28,3,1,0,0,0,0
1489006288.249903,60.0,62,2,1,28,3,2,0,0,0,0
1489006288.405358,64.21052631578947,61,3,1,28,3,2,0,0,0,0
1489006290.086681,60.00000000000001,63,6,1,28,3,2,3.144669771194458,0,0,0
1489006290.086681,60.0,294,7,1,28,3,2,3.144669771194458,3,0,0
1489006292.884688,0,294,1,1,29,6,0,0,0,0,0
1489006293.532809,0.0,168,2,1,29,6,1,0,0,0,0
1489006293.934193,40.10526315789473,161,41,0,0,0,0,0,0,0,0
1489006294.184278,51.68421052631579,61,3,1,29,6,1,0,0,0,0
1489006294.237268,60.0,61,42,0,0,0,0,0,0,0,0
1489006294.29225,60.0,56,2,1,29,6,2,0,0,0,0
1489006295.245921,97.26315789473685,283,3,1,29,6,2,0,0,0,0
1489006295.613634,80.0,271,2,1,29,6,3,0,0,0,0
1489006296.524845,177.0,281,3,1,29,6,3,0,0,0,0
1489006297.444864,180.0,281,5,1,29,6,3,0,0,0,0
1489006297.527094,180.0,282,2,1,29,6,4,0,0,0,0
1489006297.623588,183.3684210526316,282,3,1,29,6,4,0,0,0,0
1489006297.685885,0.0,278,6,1,29,6,4,4.801197052001953,0,0,0
1489006297.685885,0.0,280,7,1,29,6,4,4.801197052001953,3,0,0
1489006300.836493,0.0,279,1,1,30,4,0,0,0,0,0
1489006301.705085,0.0,54,2,1,30,4,1,0,0,0,0
1489006301.900549,20.157894736842106,55,4,0,0,0,0,0,0,0,0
1489006302.326875,63.68421052631578,89,3,1,30,4,1,0,0,0,0
1489006302.7533,60.00000000000001,73,2,1,30,4,2,0,0,0,0
1489006303.579721,129.8421052631579,61,3,1,30,4,2,0,0,0,0
1489006303.597901,129.8421052631579,62,2,1,30,4,3,0,0,0,0
1489006303.752724,132.52631578947367,62,3,1,30,4,3,0,0,0,0
1489006303.798409,140.0,61,2,1,30,4,4,0,0,0,0
1489006303.953208,142.05263157894737,61,3,1,30,4,4,0,0,0,0
1489006304.457677,140.0,62,2,1,30,4,5,0,0,0,0
1489006304.522737,140.0,62,3,1,30,4,5,0,0,0,0
1489006305.09392,140.0,62,6,1,30,4,5,4.257426977157593,0,0,0
1489006305.09392,140.0,295,7,1,30,4,5,4.257426977157593,2,0,0
1489006310.195715,0.0,294,1,1,31,1,0,0,0,0,0
1489006310.835708,0.0,182,2,1,31,1,1,0,0,0,0
1489006311.907457,105.3157894736842,176,3,1,31,1,1,0,0,0,0
1489006312.177013,100.0,175,2,1,31,1,2,0,0,0,0
1489006313.358493,179.68421052631578,178,6,1,31,1,2,3.16277813911438,0,0,0
1489006313.358493,0.0,285,7,1,31,1,2,3.16277813911438,3,0,0
1489006316.123602,0,285,1,1,32,5,0,0,0,0,0
1489006316.240352,0.0,116,2,1,32,5,1,0,0,0,0
1489006316.340089,0.5789473684210531,107,3,1,32,5,1,0,0,0,0
1489006317.035165,0.0,79,2,1,32,5,2,0,0,0,0
1489006317.263985,20.15789473684211,54,4,0,0,0,0,0,0,0,0
1489006317.673766,38.0,56,3,1,32,5,2,0,0,0,0
1489006317.776814,40.0,59,2,1,32,5,3,0,0,0,0
1489006318.153061,73.89473684210526,106,3,1,32,5,3,0,0,0,0
1489006318.375672,80.0,86,2,1,32,5,4,0,0,0,0
1489006319.447688,178.73684210526315,372,3,1,32,5,4,0,0,0,0
1489006320.368089,180.0,372,5,1,32,5,4,0,0,0,0
1489006320.417857,180.0,372,6,1,32,5,4,4.294255018234253,0,0,0
1489006320.417857,180.0,258,7,1,32,5,4,4.294255018234253,3,0,0
1489006323.034897,0,257,1,1,33,4,0,0,0,0,0
1489006323.523805,0.0,192,2,1,33,4,1,0,0,0,0
1489006323.761366,20.10526315789474,177,4,0,0,0,0,0,0,0,0
1489006324.391394,68.21052631578948,168,3,1,33,4,1,0,0,0,0
1489006324.719743,68.21052631578948,63,2,1,33,4,2,0,0,0,0
1489006325.846588,148.21052631578948,59,3,1,33,4,2,0,0,0,0
1489006325.939564,148.21052631578948,60,2,1,33,4,3,0,0,0,0
1489006326.099655,150.05263157894737,59,3,1,33,4,3,0,0,0,0
1489006326.190619,160.0,61,2,1,33,4,4,0,0,0,0
1489006326.268509,159.94736842105263,61,3,1,33,4,4,0,0,0,0
1489006326.96493,160.0,61,6,1,33,4,4,3.930032968521118,0,0,0
1489006326.96493,160.0,290,7,1,33,4,4,3.930032968521118,3,0,0
1489006329.412064,0,291,1,1,34,3,0,0,0,0,0
1489006329.8138,0.0,175,2,1,34,3,1,0,0,0,0
1489006330.1177,40.05263157894737,155,4,0,0,0,0,0,0,0,0
1489006330.391278,53.421052631578945,60,3,1,34,3,1,0,0,0,0
1489006331.797204,40.0,60,6,1,34,3,1,2.3851399421691895,0,0,0
1489006331.797204,40.0,299,7,1,34,3,1,2.3851399421691895,3,0,0
1489006334.339682,0.0,299,1,1,35,4,0,0,0,0,0
1489006334.724454,0.0,189,2,1,35,4,1,0,0,0,0
1489006334.980291,20.210526315789473,126,4,0,0,0,0,0,0,0,0
1489006335.655308,83.0,97,3,1,35,4,1,0,0,0,0
1489006336.493925,100.0,63,2,1,35,4,2,0,0,0,0
1489006336.784926,116.89473684210526,62,3,1,35,4,2,0,0,0,0
1489006336.818708,116.89473684210526,61,2,1,35,4,3,0,0,0,0
1489006337.027143,130.57894736842104,60,3,1,35,4,3,0,0,0,0
1489006337.060429,119.99999999999999,62,2,1,35,4,4,0,0,0,0
1489006337.747572,159.73684210526318,59,3,1,35,4,4,0,0,0,0
1489006339.044948,160.0,62,6,1,35,4,4,4.705265998840332,0,0,0
1489006339.044948,160.0,289,7,1,35,4,4,4.705265998840332,2,0,0
1489006341.411437,0,289,1,1,36,3,0,0,0,0,0
1489006342.114022,0.0,180,2,1,36,3,1,0,0,0,0
1489006342.400844,40.21052631578948,180,4,0,0,0,0,0,0,0,0
1489006342.687105,54.736842105263165,60,3,1,36,3,1,0,0,0,0
1489006343.809909,60.0,60,2,1,36,3,2,0,0,0,0
1489006343.9738,59.684210526315795,61,3,1,36,3,2,0,0,0,0
1489006344.428241,60.00000000000001,61,6,1,36,3,2,3.0168039798736572,0,0,0
1489006344.428241,60.0,293,7,1,36,3,2,3.0168039798736572,3,0,0
1489006347.106673,0,293,1,1,37,6,0,0,0,0,0
1489006347.722527,0.0,143,2,1,37,6,1,0,0,0,0
1489006348.187773,40.10526315789474,127,41,0,0,0,0,0,0,0,0
1489006348.42118,50.26315789473684,56,3,1,37,6,1,0,0,0,0
1489006348.48816,40.0,56,42,0,0,0,0,0,0,0,0
1489006348.544454,40.473684210526315,54,2,1,37,6,2,0,0,0,0
1489006349.408295,63.263157894736835,280,3,1,37,6,2,0,0,0,0
1489006350.572102,80.0,280,6,1,37,6,2,3.4654290676116943,0,0,0
1489006350.572102,80.0,280,7,1,37,6,2,3.4654290676116943,3,0,0
1489006353.475039,0,280,1,1,38,2,0,0,0,0,0
1489006353.631752,0.0,111,2,1,38,2,1,0,0,0,0
1489006353.750318,0.0,99,3,1,38,2,1,0,0,0,0
1489006354.103008,0.0,88,2,1,38,2,2,0,0,0,0
1489006354.349398,20.157894736842106,73,4,0,0,0,0,0,0,0,0
1489006355.422444,95.89473684210526,61,3,1,38,2,2,0,0,0,0
1489006355.512362,95.89473684210526,64,2,1,38,2,3,0,0,0,0
1489006355.782125,112.63157894736841,67,3,1,38,2,3,0,0,0,0
1489006355.791172,100.0,67,2,1,38,2,4,0,0,0,0
1489006355.832455,99.94736842105263,67,3,1,38,2,4,0,0,0,0
1489006356.273668,100.0,79,2,1,38,2,5,0,0,0,0
1489006356.863764,143.89473684210526,73,3,1,38,2,5,0,0,0,0
1489006357.516022,160.0,82,6,1,38,2,5,4.040982961654663,0,0,0
1489006357.516022,160.0,286,7,1,38,2,5,4.040982961654663,4,0,0
1489006359.730459,0,286,1,1,39,1,0,0,0,0,0
1489006360.259909,0.0,134,2,1,39,1,1,0,0,0,0
1489006361.130824,93.10526315789474,145,3,1,39,1,1,0,0,0,0
1489006361.523269,93.10526315789474,146,6,1,39,1,1,1.7928099632263184,0,0,0
1489006361.523269,93.10526315789474,288,7,1,39,1,1,1.7928099632263184,2,0,0
1489006364.769308,0,288,1,1,40,4,0,0,0,0,0
1489006365.329087,0,152,2,1,40,4,1,0,0,0,0
1489006365.600994,20.263157894736842,155,4,0,0,0,0,0,0,0,0
1489006366.733607,100.6842105263158,108,3,1,40,4,1,0,0,0,0
1489006367.118729,100.0,101,2,1,40,4,2,0,0,0,0
1489006369.227823,180.0,60,5,1,40,4,2,0,0,0,0
1489006369.277497,181.6315789473684,60,3,1,40,4,2,0,0,0,0
1489006369.371049,0.0,100,6,1,40,4,2,4.601740837097168,0,0,0
1489006369.371049,0.0,287,7,1,40,4,2,4.601740837097168,4,0,0
1489006371.754458,0,288,1,1,41,4,0,0,0,0,0
1489006372.288317,0.0,162,2,1,41,4,1,0,0,0,0
1489006372.480639,20.157894736842106,139,4,0,0,0,0,0,0,0,0
1489006373.11259,79.26315789473684,66,3,1,41,4,1,0,0,0,0
1489006373.508319,80.0,67,2,1,41,4,2,0,0,0,0
1489006375.197041,168.52631578947367,59,3,1,41,4,2,0,0,0,0
1489006375.754332,160.0,59,2,1,41,4,3,0,0,0,0
1489006375.785714,160.0,59,3,1,41,4,3,0,0,0,0
1489006375.834801,160.0,58,2,1,41,4,4,0,0,0,0
1489006377.062385,179.6315789473684,59,5,1,41,4,4,0,0,0,0
1489006377.151186,194.94736842105263,60,3,1,41,4,4,0,0,0,0
1489006377.373246,0.0,251,2,1,41,4,5,0,0,0,0
1489006377.434547,0,178,3,1,41,4,5,0,0,0,0
1489006377.770881,0.0,177,6,1,41,4,5,6.016422986984253,0,0,0
1489006377.770881,0.0,288,7,1,41,4,5,6.016422986984253,3,0,0
1489006380.376816,0,288,1,1,42,5,0,0,0,0,0
1489006380.492685,0.0,139,2,1,42,5,1,0,0,0,0
1489006380.636232,0.7368421052631575,71,3,1,42,5,1,0,0,0,0
1489006381.139935,0.0,60,2,1,42,5,2,0,0,0,0
1489006381.221219,0.0,61,3,1,42,5,2,0,0,0,0
1489006381.262136,0.0,58,2,1,42,5,3,0,0,0,0
1489006381.430125,20.000000000000004,60,4,0,0,0,0,0,0,0,0
1489006382.159203,75.42105263157895,52,3,1,42,5,3,0,0,0,0
1489006382.405125,80.0,52,2,1,42,5,4,0,0,0,0
1489006384.23494,179.57894736842104,322,5,1,42,5,4,0,0,0,0
1489006384.288279,180.73684210526315,321,3,1,42,5,4,0,0,0,0
1489006384.325606,0.0,328,2,1,42,5,5,0,0,0,0
1489006384.407956,20.105263157894733,195,4,0,0,0,0,0,0,0,0
1489006384.48998,30.421052631578945,104,6,1,42,5,5,4.113163948059082,0,0,0
1489006384.48998,30.421052631578945,281,7,1,42,5,5,4.113163948059082,3,0,0
1489006386.977553,0,281,1,1,43,2,0,0,0,0,0
1489006387.125184,0,70,2,1,43,2,1,0,0,0,0
1489006387.250656,0,109,3,1,43,2,1,0,0,0,0
1489006387.686672,0,80,2,1,43,2,2,0,0,0,0
1489006388.029632,20.105263157894733,66,4,0,0,0,0,0,0,0,0
1489006388.5285,60.210526315789465,75,3,1,43,2,2,0,0,0,0
1489006388.695866,59.99999999999999,71,2,1,43,2,3,0,0,0,0
1489006389.31004,124.36842105263159,74,3,1,43,2,3,0,0,0,0
1489006389.66354,120.0,61,2,1,43,2,4,0,0,0,0
1489006391.010085,179.89473684210526,62,5,1,43,2,4,0,0,0,0
1489006391.073643,183.10526315789474,62,6,1,43,2,4,4.096090078353882,0,0,0
1489006391.073643,0.0,288,7,1,43,2,4,4.096090078353882,2,0,0
1489006393.992104,0,288,1,1,44,1,0,0,0,0,0
1489006394.63596,0.0,177,2,1,44,1,1,0,0,0,0
1489006395.537332,91.68421052631578,146,3,1,44,1,1,0,0,0,0
1489006395.92573,100.0,134,2,1,44,1,2,0,0,0,0
1489006397.574526,179.5263157894737,144,5,1,44,1,2,0,0,0,0
1489006397.654067,182.68421052631578,144,3,1,44,1,2,0,0,0,0
1489006397.93756,0.0,174,6,1,44,1,2,3.945456027984619,0,0,0
1489006397.93756,0.0,285,7,1,44,1,2,3.945456027984619,3,0,0
1489006400.152852,0,285,1,1,45,3,0,0,0,0,0
1489006400.694559,0.0,157,2,1,45,3,1,0,0,0,0
1489006400.939139,40.26315789473684,165,4,0,0,0,0,0,0,0,0
1489006401.222215,55.526315789473685,64,3,1,45,3,1,0,0,0,0
1489006402.665297,55.526315789473685,62,6,1,45,3,1,2.5124449729919434,0,0,0
1489006402.665297,55.526315789473685,288,7,1,45,3,1,2.5124449729919434,3,0,0
1489006404.4971,0,288,1,1,46,4,0,0,0,0,0
1489006404.98471,0,191,2,1,46,4,1,0,0,0,0
1489006405.157435,20.05263157894737,172,4,0,0,0,0,0,0,0,0
1489006405.841961,87.57894736842105,125,3,1,46,4,1,0,0,0,0
1489006406.038862,80.0,124,2,1,46,4,2,0,0,0,0
1489006407.025088,175.31578947368422,93,3,1,46,4,2,0,0,0,0
1489006407.945279,180.0,78,5,1,46,4,2,0,0,0,0
1489006408.077026,180.0,78,2,1,46,4,3,0,0,0,0
1489006408.122628,184.78947368421052,78,3,1,46,4,3,0,0,0,0
1489006408.169135,0.0,83,6,1,46,4,3,3.672034978866577,0,0,0
1489006408.169135,0.0,288,7,1,46,4,3,3.672034978866577,3,0,0
1489006410.095633,0,288,1,1,47,5,0,0,0,0,0
1489006410.748956,0.0,63,2,1,47,5,1,0,0,0,0
1489006411.010003,20.52631578947368,60,4,0,0,0,0,0,0,0,0
1489006411.285764,30.157894736842106,58,3,1,47,5,1,0,0,0,0
1489006411.428557,40.0,57,2,1,47,5,2,0,0,0,0
1489006411.58374,44.94736842105264,57,3,1,47,5,2,0,0,0,0
1489006411.682543,40.631578947368425,58,2,1,47,5,3,0,0,0,0
1489006412.156694,74.47368421052632,99,3,1,47,5,3,0,0,0,0
1489006412.341171,80.0,80,2,1,47,5,4,0,0,0,0
1489006413.217541,167.52631578947367,300,3,1,47,5,4,0,0,0,0
1489006414.137389,180.0,300,5,1,47,5,4,0,0,0,0
1489006414.188763,180.0,300,2,1,47,5,5,0,0,0,0
1489006414.315964,200.0,300,3,1,47,5,5,0,0,0,0
1489006414.374086,0.0,284,2,1,47,5,6,0,0,0,0
1489006414.416107,0.8421052631578949,276,3,1,47,5,6,0,0,0,0
1489006414.527298,0.0,86,2,1,47,5,7,0,0,0,0
1489006414.631715,0,87,3,1,47,5,7,0,0,0,0
1489006414.873728,0.0,87,6,1,47,5,7,4.778095006942749,0,0,0
1489006414.873728,0.0,285,7,1,47,5,7,4.778095006942749,2,0,0
1489006417.126803,0,285,1,1,48,1,0,0,0,0,0
1489006417.699107,0.0,131,2,1,48,1,1,0,0,0,0
1489006418.49533,80.0,131,3,1,48,1,1,0,0,0,0
1489006418.87126,80.0,118,2,1,48,1,2,0,0,0,0
1489006420.513672,179.73684210526315,133,6,1,48,1,2,3.386869192123413,0,0,0
1489006420.513672,0.0,278,7,1,48,1,2,3.386869192123413,3,0,0
1489006422.631715,0,278,1,1,49,6,0,0,0,0,0
1489006423.092962,0.0,167,2,1,49,6,1,0,0,0,0
1489006423.203983,0.0,167,3,1,49,6,1,0,0,0,0
1489006423.221409,0.0,164,2,1,49,6,2,0,0,0,0
1489006423.513071,40.1578947368421,156,41,0,0,0,0,0,0,0,0
1489006423.766381,56.368421052631575,59,3,1,49,6,2,0,0,0,0
1489006423.81354,40.0,59,42,0,0,0,0,0,0,0,0
1489006423.870994,40.0,129,2,1,49,6,3,0,0,0,0
1489006424.842759,79.52631578947368,289,3,1,49,6,3,0,0,0,0
1489006425.335963,80.0,289,6,1,49,6,3,2.7042479515075684,0,0,0
1489006425.335963,80.0,289,7,1,49,6,3,2.7042479515075684,3,0,0
1489006427.790961,0,289,1,1,50,2,0,0,0,0,0
1489006428.458786,0.0,74,2,1,50,2,1,0,0,0,0
1489006428.634964,20.05263157894737,69,4,0,0,0,0,0,0,0,0
1489006429.322612,70.6842105263158,75,3,1,50,2,1,0,0,0,0
1489006429.663634,80.0,69,2,1,50,2,2,0,0,0,0
1489006430.839098,158.26315789473685,66,3,1,50,2,2,0,0,0,0
1489006431.038634,160.0,67,2,1,50,2,3,0,0,0,0
1489006431.19075,162.8421052631579,66,3,1,50,2,3,0,0,0,0
1489006431.870921,160.31578947368422,65,2,1,50,2,4,0,0,0,0
1489006433.061788,180.21052631578948,65,5,1,50,2,4,0,0,0,0
1489006433.120054,187.89473684210526,65,6,1,50,2,4,5.329092979431152,0,0,0
1489006433.120054,0.0,288,7,1,50,2,4,5.329092979431152,3,0,0
1489006435.254157,0,288,1,1,51,5,0,0,0,0,0
1489006435.390203,0.0,79,2,1,51,5,1,0,0,0,0
1489006435.511802,0.4210526315789469,69,3,1,51,5,1,0,0,0,0
1489006435.934,0.0,62,2,1,51,5,2,0,0,0,0
1489006436.081338,0.8947368421052637,61,3,1,51,5,2,0,0,0,0
1489006436.180262,0.7894736842105274,63,2,1,51,5,3,0,0,0,0
1489006436.297791,20.421052631578952,62,4,0,0,0,0,0,0,0,0
1489006436.670517,60.78947368421053,72,3,1,51,5,3,0,0,0,0
1489006437.026842,60.78947368421053,61,2,1,51,5,4,0,0,0,0
1489006438.101508,166.1578947368421,191,3,1,51,5,4,0,0,0,0
1489006439.021874,180.0,190,5,1,51,5,4,0,0,0,0
1489006439.127671,180.0,190,2,1,51,5,5,0,0,0,0
1489006439.218624,188.57894736842107,191,3,1,51,5,5,0,0,0,0
1489006439.222942,0.0,194,2,1,51,5,6,0,0,0,0
1489006439.223666,0,194,6,1,51,5,6,3.9695088863372803,0,0,0
1489006439.223666,0.0,288,7,1,51,5,6,3.9695088863372803,3,0,0
1489006441.839224,0,288,1,1,52,1,0,0,0,0,0
1489006442.266138,0.0,174,2,1,52,1,1,0,0,0,0
1489006442.86834,89.78947368421052,169,3,1,52,1,1,0,0,0,0
1489006443.167458,89.78947368421052,165,2,1,52,1,2,0,0,0,0
1489006444.511684,179.57894736842104,170,6,1,52,1,2,2.672459840774536,0,0,0
1489006444.511684,0.0,288,7,1,52,1,2,2.672459840774536,4,0,0
1489006448.822663,0,288,1,1,53,3,0,0,0,0,0
1489006449.184671,0.0,172,2,1,53,3,1,0,0,0,0
1489006449.386079,40.21052631578947,167,4,0,0,0,0,0,0,0,0
1489006449.683236,67.21052631578948,70,3,1,53,3,1,0,0,0,0
1489006449.983131,80.0,67,2,1,53,3,2,0,0,0,0
1489006450.319021,92.05263157894737,65,3,1,53,3,2,0,0,0,0
1489006450.421655,80.10526315789474,66,2,1,53,3,3,0,0,0,0
1489006450.842744,88.36842105263159,66,3,1,53,3,3,0,0,0,0
1489006452.438957,100.0,66,6,1,53,3,3,3.6162939071655273,0,0,0
1489006452.438957,0,290,7,1,53,3,3,3.6162939071655273,2,0,0
1489006461.029738,0,290,1,1,54,2,0,0,0,0,0
1489006461.173297,0,73,2,1,54,2,1,0,0,0,0
1489006461.271716,0,70,3,1,54,2,1,0,0,0,0
1489006462.454283,0,58,2,1,54,2,2,0,0,0,0
1489006462.658972,20.105263157894733,62,4,0,0,0,0,0,0,0,0
1489006463.154466,64.47368421052632,63,3,1,54,2,2,0,0,0,0
1489006463.454225,59.99999999999999,62,2,1,54,2,3,0,0,0,0
1489006464.436619,133.42105263157896,62,3,1,54,2,3,0,0,0,0
1489006464.50638,140.0,64,2,1,54,2,4,0,0,0,0
1489006464.580654,139.94736842105263,64,3,1,54,2,4,0,0,0,0
1489006464.89459,140.0,64,6,1,54,2,4,3.864851951599121,0,0,0
1489006464.89459,140.0,289,7,1,54,2,4,3.864851951599121,2,0,0
